lorem1.jpg	lorem1	2018-01-02	N0001	thurl/ipsum1.jpg
lorem2.jpg	lorem2	2017-02-05	N0002	thurl/ipsum2.jpg
lorem3.jpg	lorem3	2016-03-11	N0003	thurl/ipsum3.jpg
lorem4.jpg	lorem4	2015-04-15	N0004	thurl/ipsum4.jpg
lorem5.jpg	lorem5	2014-05-19	N0005	thurl/ipsum5.jpg
lorem6.jpg	lorem6	2013-06-22	N0006	thurl/ipsum6.jpg
lorem7.jpg	lorem7	2012-07-26	N0007	thurl/ipsum7.jpg
lorem8.jpg	lorem8	2011-08-30	N0008	thurl/ipsum8.jpg
lorem9.jpg	lorem9	2010-10-03	N0009	thurl/ipsum9.jpg
lorem10.jpg	lorem10	2009-11-06	N0010	thurl/ipsum10.jpg
lorem11.jpg	lorem11	2008-12-10	N0001	thurl/ipsum11.jpg
lorem12.jpg	lorem12	2008-01-14	N0002	thurl/ipsum12.jpg
lorem13.jpg	lorem13	2007-02-17	N0003	thurl/ipsum13.jpg
lorem14.jpg	lorem14	2006-03-23	N0004	thurl/ipsum14.jpg
lorem15.jpg	lorem15	2005-04-26	N0005	thurl/ipsum15.jpg
lorem16.jpg	lorem16	2004-05-30	N0006	thurl/ipsum16.jpg
lorem17.jpg	lorem17	2003-07-04	N0007	thurl/ipsum17.jpg
lorem18.jpg	lorem18	2002-08-07	N0008	thurl/ipsum18.jpg
lorem19.jpg	lorem19	2001-09-10	N0009	thurl/ipsum19.jpg
lorem20.jpg	lorem20	2000-10-14	N0010	thurl/ipsum20.jpg
