lorem1.jpg,lorem1,1/2/2018,N0001,thurl/ipsum1.jpg
lorem2.jpg,lorem2,2/5/2017,N0002,thurl/ipsum2.jpg
lorem3.jpg,lorem3,3/11/2016,N0003,thurl/ipsum3.jpg
lorem4.jpg,lorem4,4/15/2015,N0004,thurl/ipsum4.jpg
lorem5.jpg,lorem5,5/19/2014,N0005,thurl/ipsum5.jpg
lorem6.jpg,lorem6,6/22/2013,N0006,thurl/ipsum6.jpg
lorem7.jpg,lorem7,7/26/2012,N0007,thurl/ipsum7.jpg
lorem8.jpg,lorem8,8/30/2011,N0008,thurl/ipsum8.jpg
lorem9.jpg,lorem9,10/3/2010,N0009,thurl/ipsum9.jpg
lorem10.jpg,lorem10,11/6/2009,N0010,thurl/ipsum10.jpg
lorem11.jpg,lorem11,12/10/2008,N0001,thurl/ipsum11.jpg
lorem12.jpg,lorem12,1/14/2008,N0002,thurl/ipsum12.jpg
lorem13.jpg,lorem13,2/17/2007,N0003,thurl/ipsum13.jpg
lorem14.jpg,lorem14,3/23/2006,N0004,thurl/ipsum14.jpg
lorem15.jpg,lorem15,4/26/2005,N0005,thurl/ipsum15.jpg
lorem16.jpg,lorem16,5/30/2004,N0006,thurl/ipsum16.jpg
lorem17.jpg,lorem17,7/4/2003,N0007,thurl/ipsum17.jpg
lorem18.jpg,lorem18,8/7/2002,N0008,thurl/ipsum18.jpg
lorem19.jpg,lorem19,9/10/2001,N0009,thurl/ipsum19.jpg
lorem20.jpg,lorem20,10/14/2000,N0010,thurl/ipsum20.jpg
