kquinn200@nniuqislek.net,G01,1519928767
chardy488@ydrahdahc.biz,G03,1488392767
chubbard147@drabbuhassiralc.biz,I02,1501963744
imcguire589@eriugcmnai.net,I03,1492602011
kmedina60@anidemardnassak.biz,G02,1496510488
iadams847@smadaaidni.com,I02,1499074326
cmunoz134@zonumeillac.net,I03,1501922803
jmunoz155@zonumnahtanoj.org,I04,1512916436
belliott903@ttoilleidnarb.biz,G01,1497730781
smcguire509@eriugcmahsas.net,D02,1513478510
cgilbert401@trebligeissac.biz,G01,1511375278
sporter881@retroprelyks.org,D03,1495243249
wclarke48@ekralcretlaw.com,D04,1507664047
jklein369@nielkhpesoj.org,D05,1511655004
tbrady527@ydarbailat.com,I03,1494515452
bwatkins578@sniktawecyrb.com,I04,1513088991
tparker145@rekrapyt.net,G01,1493742233
lluna809@anulyrral.biz,D02,1492853801
hgomez561@zemogyelah.com,G01,1497215350
bsilva515@avlisnodnerb.biz,D03,1488769963
tharrington995@notgnirrahyert.net,D04,1489737671
jpratt513@ttarpettenaej.org,D05,1500147220
sterry223@yrretainos.org,D06,1512142688
rramos192@somarnomar.org,D07,1496047611
apaul46@luapnothsa.net,D08,1519290319
rayala461@alayadeer.com,D09,1519410658
mfigueroa269@aoreugifsocram.com,I07,1494480316
jpatton359@nottapauhsoj.biz,I08,1501463768
kflynn782@nnylfnetsrik.com,D01,1495555499
jgriffith19@htiffirgecitsuj.net,D02,1488961227
fthornton47@notnrohtnaibaf.net,D03,1511734448
awatkins182@sniktawadnama.biz,D04,1507398799
eoconnor522@ronnocorehtse.net,D05,1508346148
mross991@ssoraim.net,D06,1518627940
crowe302@ewordahc.net,D07,1499734456
dmcdaniel380@leinadcmnived.org,D08,1519874652
msteele252@eleetssedecrem.org,D09,1509577450
fadkins923@snikdatserrof.biz,D10,1512219836
gmitchell133@llehctimyerffoeg.net,I07,1502256904
cpeterson979@nosretepronnoc.net,I08,1493427811
kwilson465@nosliwkcirdnek.com,D01,1519740803
hbowman225@namwobrehtaeh.biz,D02,1497323127
jlang288@gnalnadroj.org,I04,1500541705
ahill609@llihaicila.biz,I05,1493296362
lmalone916@enolamanerol.org,I06,1509327035
bmarsh14@hsramennairb.biz,I07,1510944816
pcross184@ssorcordep.biz,I08,1516095800
kpierce871@ecreipnyrhtak.biz,D01,1518814329
cnguyen676@neyugnnotloc.net,D02,1515774639
abates592@setabyerbua.net,D03,1490779579