kquinn200@nniuqislek.net,Tarjeta
chardy488@ydrahdahc.biz,Cheque
chubbard147@drabbuhassiralc.biz,Paypal
imcguire589@eriugcmnai.net,Otro
kmedina60@anidemardnassak.biz,Cheque
iadams847@smadaaidni.com,Otro
cmunoz134@zonumeillac.net,Transferencia
jmunoz155@zonumnahtanoj.org,Cheque
belliott903@ttoilleidnarb.biz,Tarjeta
smcguire509@eriugcmahsas.net,Paypal
cgilbert401@trebligeissac.biz,Tarjeta
sporter881@retroprelyks.org,Transferencia
wclarke48@ekralcretlaw.com,Paypal
jklein369@nielkhpesoj.org,Tarjeta
tbrady527@ydarbailat.com,Tarjeta
bwatkins578@sniktawecyrb.com,Transferencia
tparker145@rekrapyt.net,Paypal
lluna809@anulyrral.biz,Paypal
hgomez561@zemogyelah.com,Paypal
bsilva515@avlisnodnerb.biz,Paypal
tharrington995@notgnirrahyert.net,Cheque
jpratt513@ttarpettenaej.org,Cheque
sterry223@yrretainos.org,Tarjeta
rramos192@somarnomar.org,Transferencia
apaul46@luapnothsa.net,Transferencia
rayala461@alayadeer.com,Cheque
mfigueroa269@aoreugifsocram.com,Transferencia
jpatton359@nottapauhsoj.biz,Cheque
kflynn782@nnylfnetsrik.com,Cheque
jgriffith19@htiffirgecitsuj.net,Otro
fthornton47@notnrohtnaibaf.net,Transferencia
awatkins182@sniktawadnama.biz,Otro
eoconnor522@ronnocorehtse.net,Paypal
mross991@ssoraim.net,Paypal
crowe302@ewordahc.net,Otro
dmcdaniel380@leinadcmnived.org,Otro
msteele252@eleetssedecrem.org,Transferencia
fadkins923@snikdatserrof.biz,Cheque
gmitchell133@llehctimyerffoeg.net,Tarjeta
cpeterson979@nosretepronnoc.net,Otro
kwilson465@nosliwkcirdnek.com,Tarjeta
hbowman225@namwobrehtaeh.biz,Cheque
jlang288@gnalnadroj.org,Transferencia
ahill609@llihaicila.biz,Transferencia
lmalone916@enolamanerol.org,Tarjeta
bmarsh14@hsramennairb.biz,Paypal
pcross184@ssorcordep.biz,Otro
kpierce871@ecreipnyrhtak.biz,Tarjeta
cnguyen676@neyugnnotloc.net,Otro
abates592@setabyerbua.net,Otro