kquinn200@nniuqislek.net	G01	2003-04-05
chardy488@ydrahdahc.biz	G03	2003-12-16
chubbard147@drabbuhassiralc.biz	I02	2004-06-24
imcguire589@eriugcmnai.net	I03	2004-06-30
kmedina60@anidemardnassak.biz	G02	2005-01-03
iadams847@smadaaidni.com	I02	2005-02-20
cmunoz134@zonumeillac.net	I03	2007-04-25
jmunoz155@zonumnahtanoj.org	I04	2007-07-12
belliott903@ttoilleidnarb.biz	G01	2009-07-20
smcguire509@eriugcmahsas.net	D02	2009-08-20
cgilbert401@trebligeissac.biz	G01	2010-01-13
sporter881@retroprelyks.org	D03	2010-02-01
wclarke48@ekralcretlaw.com	D04	2010-04-12
jklein369@nielkhpesoj.org	D05	2011-08-28
tbrady527@ydarbailat.com	I03	2012-03-24
bwatkins578@sniktawecyrb.com	I04	2012-05-03
tparker145@rekrapyt.net	G01	2012-06-22
lluna809@anulyrral.biz	D02	2012-08-06
hgomez561@zemogyelah.com	G01	2012-12-30
bsilva515@avlisnodnerb.biz	D03	2014-03-10
tharrington995@notgnirrahyert.net	D04	2014-08-12
jpratt513@ttarpettenaej.org	D05	2014-10-30
sterry223@yrretainos.org	D06	2015-07-05
rramos192@somarnomar.org	D07	32016-04-29
apaul46@luapnothsa.net	D08	2017-02-09
rayala461@alayadeer.com	D09	2010-10-25
mfigueroa269@aoreugifsocram.com	I07	2011-09-14
jpatton359@nottapauhsoj.biz	I08	2011-11-11
kflynn782@nnylfnetsrik.com	D01	2012-04-18
jgriffith19@htiffirgecitsuj.net	D02	2012-06-10
fthornton47@notnrohtnaibaf.net	D03	2012-10-23
awatkins182@sniktawadnama.biz	D04	2013-02-17
eoconnor522@ronnocorehtse.net	D05	2013-04-06
mross991@ssoraim.net	D06	2013-05-04
crowe302@ewordahc.net	D07	2013-05-17
dmcdaniel380@leinadcmnived.org	D08	2013-10-19
msteele252@eleetssedecrem.org	D09	2013-11-15
fadkins923@snikdatserrof.biz	D10	2014-10-19
gmitchell133@llehctimyerffoeg.net	I07	2015-02-05
cpeterson979@nosretepronnoc.net	I08	2015-03-04
kwilson465@nosliwkcirdnek.com	D01	2015-07-28
hbowman225@namwobrehtaeh.biz	D02	2015-12-25
jlang288@gnalnadroj.org	I04	2016-01-18
ahill609@llihaicila.biz	I05	2016-12-12
lmalone916@enolamanerol.org	I06	2016-12-30
bmarsh14@hsramennairb.biz	I07	2017-04-12
pcross184@ssorcordep.biz	I08	2017-07-27
kpierce871@ecreipnyrhtak.biz	D01	2018-01-16
cnguyen676@neyugnnotloc.net	D02	2018-04-05
abates592@setabyerbua.net	D03	2018-07-03

