E001	Duis bibendum	1/2/2016	Purépero	Vivamus semper arcu et urna eleifend dapibus. Fusce porta pretium sodales. Phasellus eget luctus velit. Phasellus in aliquet ex. Pellentesque consequat consectetur odio, ut ultricies diam tempus vel. Maecenas facilisis porta nisl, non congue urna porta vitae. In vehicula tincidunt massa nec tempus. Duis sagittis pulvinar nisl et feugiat. Aliquam erat volutpat. Quisque ut odio massa.
E002	bibendum bibendum	2/3/2016	Puruándiro	Vestibulum non dictum nunc. Aenean nisl lorem, fermentum ut finibus sit amet, placerat et neque. Vestibulum a magna id dolor lacinia dapibus fermentum sit amet arcu. Maecenas id interdum felis. Integer fringilla ut lorem vitae aliquam. Ut vitae condimentum felis, id tempus augue. Phasellus ut ligula quis turpis pellentesque suscipit. Morbi lacinia sapien venenatis lectus vehicula sollicitudin. Donec consectetur enim elit, quis laoreet eros congue sit amet. Phasellus quis elit ut sem ornare vulputate. Etiam vulputate massa risus. Praesent dapibus mauris diam, id sodales metus posuere in. Suspendisse eleifend, nisl eget imperdiet iaculis, dui ligula lacinia massa, quis accumsan velit nunc at neque. Etiam dictum dolor justo, ut congue felis pharetra nec. Morbi tristique suscipit diam at interdum. Donec feugiat finibus leo.
E003	varius bibendum	12/4/2011	Queréndaro	Quisque feugiat ut ligula id molestie. Curabitur elementum magna vitae dolor molestie, sit amet lacinia velit aliquet. Vivamus non orci a odio auctor commodo. Integer interdum felis a velit fermentum porttitor. Mauris lobortis, sem pharetra commodo commodo, dui odio posuere nunc, vel dapibus orci libero a diam. Sed eu augue auctor velit hendrerit bibendum sed et ex. Pellentesque sodales metus vitae sem ullamcorper, nec dignissim urna cursus.
E004	feugiatDuis	12/5/2011	Quiroga	Maecenas non mollis sapien, nec aliquam sapien. Donec urna orci, tincidunt rutrum elit quis, consequat cursus nisl. Vivamus pretium tempus lectus maximus ornare. Nam id blandit dolor, eget malesuada ligula. Vivamus sed nunc lacus. In eget dolor eget risus semper bibendum. Praesent ut sapien tincidunt, pulvinar orci nec, ultrices nisi. Quisque commodo varius faucibus. Nunc id justo tortor. Morbi ac egestas lorem. Sed elit velit, vestibulum laoreet metus quis, ullamcorper blandit lacus.
E005	Ut lectusDuis	12/6/2011	Cojumatlán de Régules	Vivamus semper arcu et urna eleifend dapibus. Fusce porta pretium sodales. Phasellus eget luctus velit. Phasellus in aliquet ex. Pellentesque consequat consectetur odio, ut ultricies diam tempus vel. Maecenas facilisis porta nisl, non congue urna porta vitae. In vehicula tincidunt massa nec tempus. Duis sagittis pulvinar nisl et feugiat. Aliquam erat volutpat. Quisque ut odio massa.
E006	Duis Duis	1/7/2016	Los Reyes	Vestibulum non dictum nunc. Aenean nisl lorem, fermentum ut finibus sit amet, placerat et neque. Vestibulum a magna id dolor lacinia dapibus fermentum sit amet arcu. Maecenas id interdum felis. Integer fringilla ut lorem vitae aliquam. Ut vitae condimentum felis, id tempus augue. Phasellus ut ligula quis turpis pellentesque suscipit. Morbi lacinia sapien venenatis lectus vehicula sollicitudin. Donec consectetur enim elit, quis laoreet eros congue sit amet. Phasellus quis elit ut sem ornare vulputate. Etiam vulputate massa risus. Praesent dapibus mauris diam, id sodales metus posuere in. Suspendisse eleifend, nisl eget imperdiet iaculis, dui ligula lacinia massa, quis accumsan velit nunc at neque. Etiam dictum dolor justo, ut congue felis pharetra nec. Morbi tristique suscipit diam at interdum. Donec feugiat finibus leo.
E007	bibendum egestas	1/8/2017	Sahuayo	Quisque feugiat ut ligula id molestie. Curabitur elementum magna vitae dolor molestie, sit amet lacinia velit aliquet. Vivamus non orci a odio auctor commodo. Integer interdum felis a velit fermentum porttitor. Mauris lobortis, sem pharetra commodo commodo, dui odio posuere nunc, vel dapibus orci libero a diam. Sed eu augue auctor velit hendrerit bibendum sed et ex. Pellentesque sodales metus vitae sem ullamcorper, nec dignissim urna cursus.
E008	varius felis	1/9/2016	San Lucas	Maecenas non mollis sapien, nec aliquam sapien. Donec urna orci, tincidunt rutrum elit quis, consequat cursus nisl. Vivamus pretium tempus lectus maximus ornare. Nam id blandit dolor, eget malesuada ligula. Vivamus sed nunc lacus. In eget dolor eget risus semper bibendum. Praesent ut sapien tincidunt, pulvinar orci nec, ultrices nisi. Quisque commodo varius faucibus. Nunc id justo tortor. Morbi ac egestas lorem. Sed elit velit, vestibulum laoreet metus quis, ullamcorper blandit lacus.
E009	feugiatfelis	1/10/2016	Senguio	Sed sem eros, laoreet in turpis fermentum, tristique bibendum arcu. Maecenas eget leo volutpat, venenatis odio sit amet, sagittis erat. Aliquam auctor diam non ipsum fringilla aliquam. Vestibulum mollis, augue non porttitor ullamcorper, elit nisi dapibus neque, sed interdum erat lacus in ligula. Quisque consectetur tellus a gravida vestibulum. Donec eu finibus lectus. Vivamus leo est, interdum convallis venenatis sit amet, egestas ac nisi. Suspendisse mollis mauris vel nibh sodales posuere. Duis rutrum tortor quis lacus sagittis, at aliquam ipsum auctor. Integer sed felis orci. Quisque dignissim turpis eget elit consequat auctor. Fusce tempor egestas massa, vitae lobortis risus ultricies vitae. Sed mattis neque metus, vel rhoncus enim pulvinar eu. Morbi feugiat risus id sapien sollicitudin dignissim. Suspendisse vehicula odio at neque interdum fermentum. Nullam tempor dui sit amet neque fringilla tincidunt.
E010	Ut lectusfeugiat	1/11/2016	Salvador Escalante	Sed convallis bibendum tortor quis ultrices. Donec in dolor placerat, sodales magna quis, pharetra nunc. Vestibulum dictum erat nec justo malesuada, ut dapibus arcu laoreet. Pellentesque tempor sodales augue eu vestibulum. Mauris eu fringilla nisi. Quisque viverra ut erat eget pellentesque. Curabitur eu venenatis enim. In urna ligula, imperdiet vitae erat sit amet, dignissim commodo mauris. Nunc condimentum egestas tortor ut porttitor. Etiam malesuada interdum sem.
E011	felisfeugiat	10/12/2016	Senguio	Donec ac purus venenatis, venenatis nibh in, congue augue. Integer feugiat suscipit magna quis lacinia. Fusce sit amet velit non augue hendrerit egestas. Donec id venenatis massa. Maecenas lobortis et arcu ac auctor. Praesent placerat eros tortor, id auctor justo elementum nec. Pellentesque posuere odio id turpis vehicula mollis. Nunc ut elementum lacus. Praesent at lacinia erat, quis porttitor ante. Mauris bibendum augue eget nunc facilisis, vitae vehicula diam tempor. Nulla tempor quam eget ante lacinia, ac ullamcorper justo aliquet.
E012	egestas feugiat	10/13/2016	Susupuato	Phasellus tincidunt pretium nunc in suscipit. Aliquam pharetra fermentum metus. Quisque sit amet rutrum lacus, ac elementum velit. Donec tempor libero nec elit molestie, sit amet ornare tellus aliquet. Nullam lacus sapien, rutrum tempor fringilla at, venenatis ac tortor. Fusce porttitor consectetur risus, et sagittis massa ultrices et. Fusce molestie dictum sollicitudin. Proin blandit eu magna eget porta. Vestibulum dictum arcu at eleifend vehicula. Ut efficitur erat nec neque scelerisque, a lobortis augue malesuada. Cras cursus tempus ligula. Duis at suscipit turpis. Vivamus turpis neque, elementum sit amet dolor a, interdum lacinia dui. Proin vitae convallis lectus.
E013	vel ex sed	11/14/2016	Salvador Escalante	Curabitur commodo placerat ultrices. Vivamus leo nisl, dictum ac imperdiet vitae, feugiat non dui. Ut convallis sapien nec nisi mollis, a sagittis metus porta. Nunc sed erat eros. Sed non dolor augue. Etiam vitae velit et massa commodo pretium sit amet maximus felis. Vestibulum ante ipsum primis in faucibus orci luctus et ultrices posuere cubilia Curae; Fusce ut tortor pharetra, mollis dolor a, tincidunt augue. Aenean pharetra tempor augue, eget convallis dolor cursus eu. Etiam rhoncus nisi ac ipsum mattis, in porttitor tellus consectetur.
E014	sedUt lectus	1/15/2016	Senguio	Vivamus semper arcu et urna eleifend dapibus. Fusce porta pretium sodales. Phasellus eget luctus velit. Phasellus in aliquet ex. Pellentesque consequat consectetur odio, ut ultricies diam tempus vel. Maecenas facilisis porta nisl, non congue urna porta vitae. In vehicula tincidunt massa nec tempus. Duis sagittis pulvinar nisl et feugiat. Aliquam erat volutpat. Quisque ut odio massa.
E015	Duis Ut lectus	1/16/2014	Susupuato	Vestibulum non dictum nunc. Aenean nisl lorem, fermentum ut finibus sit amet, placerat et neque. Vestibulum a magna id dolor lacinia dapibus fermentum sit amet arcu. Maecenas id interdum felis. Integer fringilla ut lorem vitae aliquam. Ut vitae condimentum felis, id tempus augue. Phasellus ut ligula quis turpis pellentesque suscipit. Morbi lacinia sapien venenatis lectus vehicula sollicitudin. Donec consectetur enim elit, quis laoreet eros congue sit amet. Phasellus quis elit ut sem ornare vulputate. Etiam vulputate massa risus. Praesent dapibus mauris diam, id sodales metus posuere in. Suspendisse eleifend, nisl eget imperdiet iaculis, dui ligula lacinia massa, quis accumsan velit nunc at neque. Etiam dictum dolor justo, ut congue felis pharetra nec. Morbi tristique suscipit diam at interdum. Donec feugiat finibus leo.
E016	bibendum Ut lectus	1/17/2016	Purépero	Quisque feugiat ut ligula id molestie. Curabitur elementum magna vitae dolor molestie, sit amet lacinia velit aliquet. Vivamus non orci a odio auctor commodo. Integer interdum felis a velit fermentum porttitor. Mauris lobortis, sem pharetra commodo commodo, dui odio posuere nunc, vel dapibus orci libero a diam. Sed eu augue auctor velit hendrerit bibendum sed et ex. Pellentesque sodales metus vitae sem ullamcorper, nec dignissim urna cursus.
E017	varius varius	7/18/2014	Puruándiro	Maecenas non mollis sapien, nec aliquam sapien. Donec urna orci, tincidunt rutrum elit quis, consequat cursus nisl. Vivamus pretium tempus lectus maximus ornare. Nam id blandit dolor, eget malesuada ligula. Vivamus sed nunc lacus. In eget dolor eget risus semper bibendum. Praesent ut sapien tincidunt, pulvinar orci nec, ultrices nisi. Quisque commodo varius faucibus. Nunc id justo tortor. Morbi ac egestas lorem. Sed elit velit, vestibulum laoreet metus quis, ullamcorper blandit lacus.
E018	feugiatvarius	3/19/2016	Queréndaro	Phasellus tincidunt pretium nunc in suscipit. Aliquam pharetra fermentum metus. Quisque sit amet rutrum lacus, ac elementum velit. Donec tempor libero nec elit molestie, sit amet ornare tellus aliquet. Nullam lacus sapien, rutrum tempor fringilla at, venenatis ac tortor. Fusce porttitor consectetur risus, et sagittis massa ultrices et. Fusce molestie dictum sollicitudin. Proin blandit eu magna eget porta. Vestibulum dictum arcu at eleifend vehicula. Ut efficitur erat nec neque scelerisque, a lobortis augue malesuada. Cras cursus tempus ligula. Duis at suscipit turpis. Vivamus turpis neque, elementum sit amet dolor a, interdum lacinia dui. Proin vitae convallis lectus.
E019	Ut lectusvarius	1/20/2008	Quiroga	Curabitur commodo placerat ultrices. Vivamus leo nisl, dictum ac imperdiet vitae, feugiat non dui. Ut convallis sapien nec nisi mollis, a sagittis metus porta. Nunc sed erat eros. Sed non dolor augue. Etiam vitae velit et massa commodo pretium sit amet maximus felis. Vestibulum ante ipsum primis in faucibus orci luctus et ultrices posuere cubilia Curae; Fusce ut tortor pharetra, mollis dolor a, tincidunt augue. Aenean pharetra tempor augue, eget convallis dolor cursus eu. Etiam rhoncus nisi ac ipsum mattis, in porttitor tellus consectetur.
E020	felisvel ex	1/21/2016	Cojumatlán de Régules	Donec ac purus venenatis, venenatis nibh in, congue augue. Integer feugiat suscipit magna quis lacinia. Fusce sit amet velit non augue hendrerit egestas. Donec id venenatis massa. Maecenas lobortis et arcu ac auctor. Praesent placerat eros tortor, id auctor justo elementum nec. Pellentesque posuere odio id turpis vehicula mollis. Nunc ut elementum lacus. Praesent at lacinia erat, quis porttitor ante. Mauris bibendum augue eget nunc facilisis, vitae vehicula diam tempor. Nulla tempor quam eget ante lacinia, ac ullamcorper justo aliquet.

